Print Activities,2019-06-02 at 18:59:11 EEST
Print Activities,2019-06-02 at 19:07:24 EEST
Print Activities,2019-06-02 at 19:09:06 EEST
Print Activities,2019-06-02 at 20:09:19 EEST
Print Activities,2019-06-02 at 20:11:53 EEST
Print Activities,2019-06-02 at 20:16:18 EEST
Print Activities,2019-06-02 at 20:16:30 EEST
Print Activities,2019-06-02 at 20:17:02 EEST
Print Activities,2019-06-02 at 20:17:52 EEST
Print Activities,2019-06-02 at 20:24:24 EEST
Print Activities,2019-06-02 at 21:10:03 EEST
Print Activities,2019-06-02 at 21:15:37 EEST
Print Activities,2019-06-02 at 21:17:09 EEST
Print Activities,2019-06-02 at 21:17:39 EEST
Print Activities,2019-06-02 at 21:19:48 EEST
Print Activities,2019-06-02 at 21:20:48 EEST
Print Activities,2019-06-02 at 21:21:49 EEST
Print Activities,2019-06-02 at 21:26:39 EEST
Print Activities,2019-06-02 at 21:35:36 EEST
Print Activities,2019-06-02 at 21:38:20 EEST
Print Activities,2019-06-02 at 21:46:29 EEST
Print Activities,2019-06-02 at 21:47:22 EEST
Print Activities,2019-06-02 at 21:49:19 EEST
Print Activities,2019-06-02 at 21:49:31 EEST
Print Activities,2019-06-02 at 21:50:07 EEST
Print Activities,2019-06-02 at 21:50:20 EEST
Print Activities,2019-06-02 at 21:52:25 EEST
Print Activities,2019-06-02 at 21:52:37 EEST
Print Activities,2019-06-02 at 21:52:49 EEST
Print Activities,2019-06-02 at 21:53:24 EEST
Print Activities,2019-06-02 at 21:54:54 EEST
Print Activities,2019-06-02 at 21:55:38 EEST
Print Activities,2019-06-02 at 21:55:49 EEST
Print Activities,2019-06-02 at 21:56:01 EEST
Print Activities,2019-06-02 at 21:56:15 EEST
Print Activities,2019-06-02 at 21:56:30 EEST
Print Activities,2019-06-02 at 21:56:40 EEST
Print Activities,2019-06-02 at 21:56:56 EEST
Print Activities,2019-06-02 at 21:58:23 EEST
Print Activities,2019-06-02 at 22:00:18 EEST
Print Activities,2019-06-02 at 22:01:06 EEST
Print Activities,2019-06-02 at 22:04:48 EEST
Print Activities,2019-06-02 at 22:05:19 EEST
Print Activities,2019-06-02 at 22:06:28 EEST
Print Activities,2019-06-02 at 22:07:45 EEST
Print Activities,2019-06-02 at 22:12:00 EEST
Print Activities,2019-06-02 at 22:12:22 EEST
Print Activities,2019-06-03 at 14:34:28 EEST
Print Activities,2019-06-03 at 14:38:12 EEST
Print Activities,2019-06-03 at 16:39:50 EEST
Print Activities,2019-06-03 at 16:44:54 EEST
Print Activities,2019-06-03 at 16:45:29 EEST
Print Activities,2019-06-03 at 16:53:18 EEST
Print Activities,2019-06-03 at 16:54:58 EEST
Print Activities,2019-06-03 at 17:01:10 EEST
Print Activities,2019-06-03 at 17:56:37 EEST
Print Activities,2019-06-03 at 18:00:37 EEST
Print Activities,2019-06-03 at 18:00:49 EEST
Print Activities,2019-06-03 at 18:04:31 EEST
Printed Yearly Habits,2019-06-03 at 18:04:31 EEST
Print Activities,2019-06-03 at 18:19:21 EEST
Printed Yearly Habits,2019-06-03 at 18:19:21 EEST
Print Activities,2019-06-03 at 18:19:36 EEST
Printed Yearly Habits,2019-06-03 at 18:19:36 EEST
Print Activities,2019-06-03 at 19:06:58 EEST
Printed Yearly Habits,2019-06-03 at 19:06:58 EEST
Print Activities,2019-06-03 at 19:07:22 EEST
Printed Yearly Habits,2019-06-03 at 19:07:22 EEST
Print Activities,2019-06-03 at 19:07:58 EEST
Printed Yearly Habits,2019-06-03 at 19:07:58 EEST
Print Activities,2019-06-03 at 19:08:31 EEST
Printed Yearly Habits,2019-06-03 at 19:08:31 EEST
Print Activities,2019-06-03 at 19:12:46 EEST
Printed Yearly Habits,2019-06-03 at 19:12:46 EEST
Print Activities,2019-06-03 at 19:13:09 EEST
Print Activities,2019-06-03 at 19:14:05 EEST
Print Activities,2019-06-03 at 19:14:54 EEST
Print Activities,2019-06-03 at 19:16:38 EEST
Print Activities,2019-06-03 at 19:17:35 EEST
Print Activities,2019-06-03 at 19:18:29 EEST
Print Activities,2019-06-03 at 19:19:30 EEST
Print Activities,2019-06-03 at 19:20:40 EEST
Print Activities,2019-06-03 at 20:24:33 EEST
Print Activities,2019-06-03 at 20:24:59 EEST
Print Activities,2019-06-03 at 20:28:17 EEST
Print Activities,2019-06-03 at 20:38:52 EEST
Print Activities,2019-06-03 at 20:40:08 EEST
Print Activities,2019-06-03 at 20:41:27 EEST
Print Activities,2019-06-03 at 20:41:39 EEST
Print Activities,2019-06-03 at 20:43:18 EEST
Print Activities,2019-06-03 at 20:52:23 EEST
Print Activities,2019-06-03 at 20:52:54 EEST
Print Activities,2019-06-03 at 20:52:58 EEST
Print Activities,2019-06-03 at 20:53:33 EEST
Print Activities,2019-06-03 at 20:54:56 EEST
Print Activities,2019-06-03 at 20:55:01 EEST
